,YO_NG,AR_XY,JA_JP,EN_US
world_religions,0.8523882909986028,0.8507691569773688,0.8493497160524598,0.8440988427144899
management,0.8385751191788589,,,
