,YO_NG,AR_XY,JA_JP,EN_US
world_religions,0.004330127018922197,0.010897247358851694,0.011180339887498959,0.008291561975888507
management,0.07141428428542851,,,
