,EN_US,JA_JP
world_religions,0.008291561975888507,0.011180339887498959
