,EN_US,JA_JP
world_religions,0.8440988427144899,0.8493497160524598
